{
    "anhui":{
        "center":[117.283042,31.86119]
    },
    "beijing":{
        "center":[116.405285,39.904989]
    },
    "zhejiang":{
        "center":[120.153576,30.287459]
    },
    "xinjiang":{
        "center":[87.617733,43.792818]
    },
    "xizang":{
        "center":[91.132212,29.660361]
    },
    "tianjing":{
        "center":[117.190182,39.125596]
    },
    "sichuan":{
        "center":[104.065735,30.659462]
    },
    "shanxi":{
        "center":[112.549248,37.857014]
    },
    "shangxi":{
        "center":[108.948024,34.263161]
    },
    "shanghai":{
        "center":[121.472644,31.231706]
    },
    "shandong":{
        "center":[117.000923,36.675807]
    },
    "qinghai":{
        "center":[101.778916,36.623178]
    },
    "ningxia":{
        "center":[106.278179,38.46637]
    },
    "mengdong":{
        "center":[120.36621045,43.02204548]
    },
    "liaoning":{
        "center":[123.429096,41.796767]
    },
    "jilin":{
        "center":[125.3245,43.886841]
    },
    "jibei":{
        "center":[118.270114,38.982246]
    },
    "jiangxi":{
        "center":[115.892151,28.676493]
    },
    "jiangsu":{
        "center":[118.767413,32.041544]
    },
    "hunan":{
        "center":[112.982279,28.19409]
    },
    "hubei":{
        "center":[114.298572,30.584355]
    },
    "henan":{
        "center":[113.665412,34.757975]
    },
    "heilongjiang":{
        "center":[126.642464,45.756967]
    },
    "hebei":{
        "center":[114.502461,38.045474]
    },
    "gansu":{
        "center":[103.823557,36.058039]
    },
    "fujian":{
        "center":[119.306239,26.075302]
    }
}